seed,gen_0,gen_1,gen_2,gen_3,gen_4,gen_5,gen_6,gen_7,gen_8,gen_9,gen_10,gen_11,gen_12,gen_13,gen_14,gen_15,gen_16,gen_17,gen_18,gen_19,gen_20,gen_21,gen_22,gen_23,gen_24,gen_25,gen_26,gen_27,gen_28,gen_29,gen_30,gen_31,gen_32,gen_33,gen_34,gen_35,gen_36,gen_37,gen_38,gen_39,gen_40,gen_41,gen_42,gen_43,gen_44,gen_45,gen_46,gen_47,gen_48,gen_49,gen_50,gen_51,gen_52,gen_53,gen_54,gen_55,gen_56,gen_57,gen_58,gen_59,gen_60,gen_61,gen_62,gen_63,gen_64,gen_65,gen_66,gen_67,gen_68,gen_69,gen_70,gen_71,gen_72,gen_73,gen_74,gen_75,gen_76,gen_77,gen_78,gen_79,gen_80,gen_81,gen_82,gen_83,gen_84,gen_85,gen_86,gen_87,gen_88,gen_89,gen_90,gen_91,gen_92,gen_93,gen_94,gen_95,gen_96,gen_97,gen_98,gen_99,gen_100
0,0.501059,0.489356,0.472149,0.450360,0.417855,0.404949,0.374816,0.346044,0.320980,0.304707,0.283521,0.268400,0.265018,0.248905,0.226337,0.205618,0.203149,0.190958,0.176865,0.143699,0.132099,0.131721,0.127166,0.124808,0.120996,0.125170,0.122154,0.118269,0.117798,0.117364,0.112717,0.108628,0.100238,0.100624,0.096539,0.089384,0.092469,0.089642,0.083511,0.069400,0.068287,0.064535,0.062608,0.070933,0.069735,0.068705,0.065127,0.068939,0.065871,0.066848,0.061044,0.064626,0.062945,0.057861,0.057168,0.059166,0.052497,0.047384,0.044123,0.039630,0.043691,0.042945,0.038543,0.036572,0.040380,0.041966,0.040729,0.041380,0.038055,0.036758,0.040921,0.042212,0.040877,0.036158,0.040412,0.040636,0.038400,0.038158,0.033222,0.031590,0.031154,0.038479,0.038275,0.033600,0.036699,0.031457,0.033192,0.033164,0.033986,0.038149,0.038667,0.043293,0.041671,0.041089,0.040481,0.041600,0.035925,0.034293,0.034016,0.038145,0.034669
1,0.499992,0.490271,0.468907,0.445077,0.416147,0.379285,0.348669,0.308073,0.288685,0.269438,0.253287,0.223168,0.220238,0.215329,0.199343,0.189897,0.187448,0.185259,0.183434,0.174451,0.168489,0.155861,0.141877,0.129871,0.118760,0.113974,0.107463,0.105442,0.111115,0.106822,0.100398,0.087222,0.080479,0.079913,0.071782,0.068139,0.069329,0.074648,0.076143,0.080558,0.080949,0.085046,0.080034,0.077667,0.069327,0.062556,0.059893,0.063210,0.059541,0.057422,0.056517,0.055808,0.054893,0.046655,0.050317,0.050259,0.051709,0.048018,0.043747,0.039958,0.042000,0.041176,0.038834,0.036636,0.039776,0.039354,0.039760,0.042251,0.043592,0.042539,0.039851,0.040109,0.044758,0.043325,0.038505,0.042327,0.043592,0.041416,0.040281,0.037614,0.035360,0.038943,0.035913,0.030764,0.029463,0.028463,0.031234,0.033477,0.032301,0.030170,0.035101,0.037442,0.033432,0.031077,0.035188,0.035739,0.032566,0.032293,0.030600,0.035087,0.038489
2,0.500422,0.489743,0.463897,0.431121,0.410135,0.379679,0.327333,0.304796,0.270998,0.244196,0.216663,0.202980,0.188285,0.175810,0.167509,0.162901,0.156859,0.153257,0.153689,0.137154,0.131255,0.125418,0.127360,0.124768,0.112909,0.109305,0.098230,0.086044,0.073018,0.070406,0.066257,0.062289,0.068121,0.068980,0.071194,0.065178,0.063741,0.057117,0.047592,0.052477,0.046143,0.046630,0.051430,0.051267,0.050491,0.048507,0.048459,0.045010,0.041879,0.043220,0.045077,0.047855,0.044651,0.041026,0.042374,0.041390,0.044026,0.046610,0.051830,0.051539,0.048675,0.044947,0.040770,0.033933,0.036594,0.038190,0.038576,0.037729,0.038024,0.035768,0.040588,0.038705,0.042962,0.043224,0.038824,0.041768,0.038935,0.039747,0.041513,0.034273,0.035638,0.031285,0.036095,0.040608,0.038034,0.042174,0.040760,0.036529,0.038376,0.037764,0.042057,0.038675,0.035834,0.033832,0.035006,0.034695,0.036426,0.042867,0.040966,0.046174,0.042202
3,0.499970,0.487636,0.459099,0.423469,0.382743,0.345378,0.323394,0.316499,0.291972,0.279596,0.264139,0.257990,0.248075,0.231402,0.210976,0.196980,0.195469,0.186008,0.178440,0.165232,0.156810,0.148111,0.143311,0.139123,0.134776,0.132469,0.121188,0.113059,0.114166,0.114677,0.115059,0.103410,0.097337,0.098107,0.091354,0.083192,0.078210,0.072020,0.072891,0.073855,0.074008,0.070022,0.074244,0.075994,0.072697,0.065519,0.066014,0.060915,0.055626,0.049087,0.049343,0.045768,0.043145,0.041560,0.036465,0.032341,0.031448,0.037618,0.038782,0.036016,0.040339,0.043838,0.041438,0.042143,0.042590,0.042667,0.043677,0.038808,0.035976,0.038956,0.035238,0.037626,0.035531,0.043770,0.039802,0.038653,0.045545,0.042137,0.034634,0.034768,0.035200,0.032194,0.030469,0.030202,0.029737,0.030566,0.035376,0.032410,0.034204,0.033380,0.032661,0.035356,0.030756,0.031820,0.033535,0.035663,0.032651,0.034752,0.032176,0.038519,0.033057
4,0.500303,0.486141,0.462939,0.433202,0.409224,0.371679,0.335659,0.310826,0.293020,0.240087,0.234602,0.222693,0.218885,0.204802,0.183210,0.186414,0.177626,0.165780,0.160321,0.146200,0.142842,0.145216,0.145299,0.144586,0.130234,0.126390,0.121705,0.114057,0.114846,0.115624,0.114147,0.109954,0.097980,0.088158,0.078917,0.078501,0.071733,0.059897,0.062917,0.063915,0.063564,0.061503,0.059321,0.058923,0.057851,0.062297,0.060931,0.058588,0.056139,0.051362,0.053378,0.049558,0.045776,0.042976,0.038834,0.036081,0.038853,0.040133,0.039685,0.036925,0.035543,0.041958,0.041766,0.044093,0.039972,0.033515,0.033347,0.034756,0.035281,0.031135,0.033562,0.034160,0.030525,0.032893,0.033622,0.035588,0.031006,0.033513,0.031285,0.032832,0.031364,0.032188,0.031909,0.032828,0.035792,0.036727,0.036121,0.034598,0.041127,0.037420,0.040309,0.041028,0.039444,0.043174,0.036232,0.036113,0.035079,0.036659,0.032836,0.033838,0.031360
5,0.500190,0.488982,0.466937,0.447178,0.416398,0.399208,0.369311,0.344848,0.311085,0.272408,0.253713,0.256754,0.242949,0.212404,0.215497,0.200875,0.189879,0.183846,0.184188,0.182061,0.177949,0.167644,0.164046,0.153180,0.146737,0.129768,0.119493,0.116774,0.111669,0.094463,0.077196,0.073257,0.076014,0.079216,0.081075,0.077172,0.069309,0.066115,0.066168,0.065465,0.063440,0.052766,0.050891,0.054954,0.053832,0.047356,0.046705,0.043949,0.036200,0.036388,0.037220,0.032588,0.029044,0.034289,0.033172,0.034739,0.031780,0.031980,0.034487,0.035602,0.034828,0.035665,0.035358,0.035729,0.038079,0.037123,0.037782,0.033380,0.033531,0.033644,0.038463,0.041675,0.037632,0.038418,0.034040,0.036503,0.037566,0.039374,0.035313,0.031485,0.034368,0.031798,0.037679,0.031261,0.031749,0.028139,0.029800,0.034016,0.034004,0.034804,0.032293,0.034111,0.035699,0.036034,0.037901,0.037345,0.031733,0.032721,0.032988,0.032374,0.033317
6,0.501442,0.487814,0.467137,0.454628,0.436135,0.405010,0.379556,0.345788,0.315687,0.270636,0.248204,0.221475,0.213339,0.202699,0.196244,0.186376,0.172549,0.155063,0.147626,0.128600,0.121907,0.118566,0.114699,0.107984,0.095782,0.087844,0.090846,0.091937,0.089313,0.081267,0.086251,0.084051,0.085960,0.092281,0.086352,0.082846,0.075358,0.059960,0.057857,0.061073,0.060016,0.058315,0.056113,0.053002,0.049303,0.045234,0.042899,0.038941,0.035869,0.035889,0.034360,0.037313,0.038212,0.034475,0.031097,0.031810,0.030721,0.034719,0.035756,0.040489,0.041416,0.035998,0.032733,0.035824,0.034234,0.039228,0.042584,0.041505,0.035317,0.034139,0.034893,0.031820,0.032471,0.037465,0.040131,0.040499,0.038135,0.037949,0.042648,0.041590,0.040210,0.039822,0.037416,0.038008,0.038992,0.035598,0.039236,0.038386,0.039301,0.033949,0.033947,0.034339,0.036691,0.034356,0.035339,0.036990,0.038681,0.038002,0.038586,0.037372,0.039578
7,0.499323,0.491333,0.469527,0.439325,0.408752,0.381261,0.348204,0.330784,0.321760,0.300776,0.260364,0.241139,0.224937,0.218481,0.202422,0.193046,0.185105,0.178426,0.176564,0.166966,0.164444,0.165818,0.151111,0.144709,0.142584,0.134083,0.132568,0.124499,0.119057,0.111828,0.102305,0.091253,0.083943,0.085703,0.084511,0.085046,0.085277,0.085608,0.083851,0.082265,0.078695,0.079729,0.085624,0.084776,0.079075,0.071915,0.065253,0.064455,0.060554,0.053364,0.053552,0.051432,0.048461,0.048366,0.043830,0.042754,0.040010,0.036412,0.039709,0.040614,0.040701,0.038123,0.037604,0.041158,0.043533,0.039339,0.030673,0.030398,0.031113,0.033158,0.029194,0.029901,0.031008,0.036018,0.037685,0.034216,0.035099,0.033497,0.031626,0.034032,0.032782,0.033840,0.033444,0.033653,0.035733,0.038566,0.038459,0.036430,0.034097,0.033903,0.036095,0.029521,0.028703,0.027683,0.029370,0.031570,0.038123,0.034681,0.034661,0.039580,0.033016
8,0.499871,0.492614,0.465911,0.435929,0.405370,0.346727,0.316687,0.304996,0.288806,0.263307,0.244081,0.227307,0.221523,0.212085,0.204448,0.197281,0.194780,0.172166,0.155541,0.150436,0.147830,0.140036,0.130749,0.120065,0.110596,0.108024,0.102515,0.090105,0.085552,0.084418,0.081994,0.075073,0.068752,0.066046,0.062947,0.065947,0.066390,0.065392,0.063632,0.062446,0.057731,0.051315,0.048659,0.047602,0.043976,0.048921,0.051762,0.050952,0.051745,0.053770,0.051859,0.048364,0.048129,0.048384,0.049248,0.044305,0.048705,0.048455,0.046533,0.042604,0.042242,0.039277,0.041366,0.037016,0.036549,0.031733,0.033737,0.034851,0.034107,0.033572,0.029754,0.029079,0.028176,0.031814,0.028566,0.035077,0.030370,0.028455,0.024756,0.033236,0.036931,0.032679,0.034695,0.030685,0.031754,0.035764,0.034608,0.033489,0.032255,0.027764,0.032937,0.030937,0.031444,0.027582,0.033024,0.033329,0.036495,0.030693,0.027442,0.029022,0.029618
9,0.500739,0.489418,0.466572,0.430853,0.400721,0.344651,0.297844,0.251505,0.204436,0.183596,0.153125,0.154566,0.158018,0.153200,0.156020,0.150937,0.147846,0.143339,0.135996,0.123432,0.112010,0.113305,0.110756,0.102325,0.100343,0.090376,0.081788,0.079667,0.070277,0.077287,0.081133,0.082657,0.083105,0.081812,0.077273,0.069865,0.068877,0.067806,0.066669,0.061927,0.057051,0.051556,0.051394,0.049689,0.044984,0.051358,0.047238,0.044051,0.048451,0.045899,0.045857,0.046747,0.046297,0.047610,0.042723,0.041216,0.043228,0.042069,0.039903,0.036580,0.037253,0.036364,0.037438,0.036487,0.038901,0.035952,0.037061,0.033487,0.036022,0.032909,0.033248,0.034200,0.035214,0.034509,0.034277,0.032657,0.031905,0.030758,0.031931,0.032180,0.028606,0.031913,0.036695,0.035388,0.036768,0.036214,0.038802,0.038535,0.039400,0.038792,0.037883,0.035097,0.033156,0.032669,0.028030,0.028307,0.035952,0.036899,0.033596,0.027863,0.032206
10,0.499578,0.489105,0.447931,0.404879,0.374305,0.346737,0.331368,0.308824,0.284899,0.249588,0.237859,0.227556,0.217349,0.207655,0.197018,0.205024,0.198503,0.190105,0.186291,0.180259,0.170838,0.149000,0.143657,0.143723,0.137875,0.128315,0.112489,0.096119,0.093339,0.098808,0.095572,0.089341,0.082453,0.083311,0.078182,0.074204,0.070372,0.065438,0.072267,0.064208,0.064859,0.061095,0.060489,0.064661,0.062279,0.064119,0.063778,0.059143,0.056204,0.053685,0.050832,0.042418,0.045143,0.048382,0.042859,0.041885,0.038988,0.047123,0.046529,0.047848,0.049044,0.043887,0.042410,0.045410,0.039943,0.040919,0.037059,0.034931,0.037741,0.039812,0.041234,0.041966,0.046147,0.043693,0.048364,0.045156,0.040420,0.036958,0.038978,0.039418,0.044097,0.043404,0.044675,0.045386,0.045618,0.046905,0.045291,0.046345,0.045455,0.048042,0.043871,0.041026,0.039481,0.036564,0.031824,0.031362,0.029558,0.033697,0.030651,0.029111,0.025604
11,0.499394,0.485679,0.465319,0.443545,0.427168,0.395517,0.375723,0.340321,0.327857,0.309994,0.292438,0.279556,0.252184,0.238945,0.223903,0.216145,0.199422,0.183446,0.174436,0.166867,0.153776,0.140174,0.121818,0.116966,0.105079,0.104630,0.097511,0.100836,0.094998,0.093816,0.086024,0.082927,0.086000,0.086424,0.092109,0.090394,0.093935,0.097992,0.101257,0.102497,0.095824,0.091834,0.088095,0.082745,0.081499,0.077341,0.075133,0.061949,0.061848,0.063246,0.061754,0.065184,0.058776,0.054162,0.046822,0.044156,0.045996,0.043683,0.043115,0.039782,0.036842,0.037046,0.034166,0.037879,0.037459,0.036075,0.039073,0.040230,0.037790,0.041471,0.041335,0.041333,0.043707,0.039990,0.036927,0.038034,0.035986,0.036238,0.037461,0.038499,0.035299,0.035547,0.031309,0.033265,0.031420,0.035580,0.033408,0.033335,0.037065,0.039307,0.033768,0.033440,0.034566,0.036319,0.039905,0.039857,0.038564,0.038321,0.039473,0.039776,0.037832
12,0.499067,0.484109,0.451745,0.413685,0.398760,0.376154,0.320212,0.277240,0.238176,0.226479,0.213541,0.212822,0.195905,0.182428,0.180038,0.184513,0.176501,0.163065,0.160400,0.162065,0.153248,0.143655,0.135255,0.130028,0.127663,0.121305,0.107725,0.104089,0.100224,0.094956,0.088758,0.088422,0.083152,0.082069,0.079915,0.082509,0.077309,0.072808,0.074754,0.068768,0.062442,0.060046,0.056263,0.057552,0.056895,0.051612,0.048204,0.049939,0.048988,0.049396,0.050743,0.052226,0.048224,0.037109,0.034129,0.031487,0.029766,0.028343,0.026368,0.030022,0.030475,0.031964,0.036614,0.037234,0.039826,0.038865,0.041085,0.035917,0.033315,0.033479,0.035861,0.033481,0.029891,0.035016,0.030687,0.030582,0.035608,0.037141,0.036568,0.038691,0.037349,0.040897,0.041190,0.042901,0.041048,0.035958,0.045228,0.041010,0.043853,0.039107,0.042976,0.042895,0.044184,0.048384,0.043438,0.041889,0.040139,0.041107,0.045301,0.043984,0.035174
13,0.500671,0.490931,0.469917,0.441418,0.405970,0.367642,0.336689,0.252133,0.225612,0.223253,0.222713,0.216192,0.199685,0.187826,0.172325,0.150158,0.121588,0.120301,0.122111,0.122782,0.119063,0.110105,0.112430,0.100851,0.090483,0.090539,0.086992,0.085956,0.092246,0.095287,0.093079,0.096709,0.093707,0.089309,0.077204,0.078875,0.075923,0.075200,0.077212,0.071667,0.071602,0.066275,0.055806,0.056612,0.056683,0.055107,0.055927,0.058190,0.055176,0.054606,0.051345,0.047543,0.042834,0.045418,0.045473,0.046182,0.041535,0.039996,0.039947,0.043970,0.037251,0.040960,0.042867,0.039739,0.041152,0.040826,0.035200,0.034432,0.034212,0.032004,0.034925,0.030992,0.032600,0.038521,0.039224,0.041347,0.037964,0.036816,0.038707,0.040598,0.044218,0.041026,0.039469,0.034772,0.037077,0.038949,0.039323,0.041257,0.040566,0.037853,0.033586,0.034731,0.035879,0.038644,0.040313,0.042442,0.045170,0.044725,0.042931,0.048572,0.043024
14,0.499925,0.485095,0.469883,0.447707,0.406337,0.347511,0.305667,0.270919,0.248188,0.246141,0.238824,0.237428,0.232855,0.219986,0.202214,0.180964,0.169838,0.161097,0.147121,0.131036,0.122788,0.110412,0.104408,0.100578,0.105626,0.106952,0.107210,0.105590,0.099182,0.099081,0.094622,0.090131,0.090919,0.093556,0.082741,0.079152,0.076554,0.071749,0.072461,0.073887,0.073774,0.069299,0.070459,0.073693,0.069851,0.066768,0.069677,0.068547,0.064659,0.060166,0.053636,0.048463,0.043400,0.044800,0.046194,0.046436,0.045374,0.043434,0.036846,0.033974,0.033091,0.030101,0.030842,0.036838,0.031741,0.031741,0.034984,0.034190,0.035461,0.038889,0.041634,0.041158,0.038721,0.035792,0.038701,0.033438,0.034903,0.032168,0.033111,0.031121,0.034931,0.030329,0.029327,0.027547,0.027931,0.030434,0.032046,0.033032,0.031265,0.035618,0.037881,0.033733,0.035574,0.034842,0.029679,0.028947,0.031598,0.030966,0.035248,0.035709,0.032693
15,0.498943,0.487467,0.472834,0.439248,0.398008,0.379309,0.346172,0.324471,0.315469,0.295628,0.254877,0.233786,0.220406,0.208335,0.186556,0.173663,0.177139,0.178378,0.169830,0.160202,0.163521,0.162869,0.155586,0.137154,0.122657,0.117210,0.119717,0.115063,0.115398,0.111408,0.104566,0.104113,0.101004,0.088719,0.087012,0.085879,0.077240,0.076511,0.074574,0.072319,0.073523,0.076560,0.074481,0.068166,0.064693,0.059576,0.058897,0.051844,0.048133,0.046687,0.050531,0.047594,0.043731,0.042465,0.043790,0.040337,0.045735,0.043859,0.039913,0.037434,0.036293,0.036602,0.034556,0.031010,0.035075,0.033481,0.036242,0.034271,0.035305,0.037873,0.041166,0.038792,0.039418,0.040952,0.040402,0.041638,0.041594,0.035939,0.034333,0.030251,0.031749,0.034036,0.032194,0.033541,0.034246,0.034691,0.033289,0.035424,0.033010,0.034040,0.033848,0.035568,0.036218,0.036194,0.042727,0.042412,0.037541,0.039420,0.041978,0.038517,0.038404
16,0.500271,0.488941,0.473453,0.448422,0.411485,0.372735,0.349717,0.331703,0.318034,0.296442,0.263329,0.248949,0.244576,0.225057,0.212444,0.195412,0.178998,0.161889,0.142905,0.136261,0.131158,0.126422,0.113139,0.106036,0.102618,0.095525,0.097653,0.096671,0.094216,0.095388,0.091412,0.083582,0.090135,0.091147,0.083865,0.081509,0.075836,0.064509,0.059378,0.060093,0.055596,0.051879,0.048764,0.046388,0.046192,0.049978,0.045974,0.043768,0.045509,0.044006,0.039721,0.038497,0.035731,0.039162,0.039596,0.040406,0.039376,0.037842,0.043085,0.038766,0.039644,0.035186,0.037014,0.037606,0.036069,0.036606,0.038931,0.034624,0.037271,0.041339,0.040529,0.033493,0.032400,0.031606,0.034327,0.040887,0.041774,0.041461,0.037873,0.036091,0.035125,0.035590,0.034628,0.034960,0.031549,0.029663,0.028810,0.029002,0.032693,0.037487,0.037822,0.036735,0.036598,0.035277,0.034869,0.027071,0.028838,0.031099,0.030933,0.036176,0.035451
17,0.500206,0.487673,0.458269,0.441966,0.409741,0.328172,0.249784,0.217426,0.243451,0.238887,0.230794,0.215404,0.204113,0.191042,0.194921,0.187998,0.176879,0.169467,0.170473,0.168659,0.158859,0.154091,0.148004,0.131644,0.127166,0.119386,0.117014,0.114939,0.118721,0.113780,0.106820,0.102764,0.093048,0.091804,0.087388,0.081786,0.071301,0.059873,0.056513,0.053869,0.052584,0.052321,0.055463,0.052248,0.048855,0.049186,0.049762,0.049659,0.047685,0.047745,0.050568,0.045251,0.040984,0.042232,0.035582,0.032356,0.033921,0.032289,0.033822,0.035960,0.032752,0.035978,0.037760,0.032525,0.032216,0.033400,0.039640,0.036358,0.040303,0.040222,0.040632,0.042497,0.036600,0.035495,0.039770,0.036560,0.036568,0.039764,0.040651,0.036295,0.038275,0.033665,0.031576,0.031261,0.036158,0.035602,0.032840,0.033780,0.032624,0.037897,0.033745,0.030325,0.031804,0.035297,0.032624,0.031194,0.031725,0.034796,0.040085,0.040438,0.034214
18,0.499220,0.488024,0.468097,0.432172,0.406053,0.389214,0.365374,0.325129,0.289774,0.276162,0.256891,0.237921,0.224242,0.211097,0.210414,0.202554,0.190226,0.179826,0.169527,0.167517,0.153863,0.140954,0.117762,0.116107,0.109863,0.109198,0.105117,0.099941,0.099065,0.095604,0.093840,0.090521,0.093733,0.088440,0.089725,0.094954,0.089517,0.086875,0.081968,0.077863,0.074671,0.071093,0.067699,0.063709,0.060632,0.059719,0.053166,0.049568,0.045380,0.042958,0.042556,0.040600,0.041630,0.042543,0.039133,0.042248,0.038337,0.033220,0.034311,0.033459,0.035388,0.032032,0.028915,0.032170,0.032366,0.035380,0.038430,0.037214,0.034784,0.033210,0.035824,0.037931,0.036347,0.032776,0.034426,0.034796,0.033768,0.037004,0.032337,0.033141,0.030263,0.026683,0.029010,0.030398,0.032578,0.035665,0.031287,0.031408,0.027931,0.029251,0.031451,0.036032,0.039178,0.037495,0.030469,0.030430,0.031681,0.031661,0.029802,0.034436,0.037655
19,0.500626,0.487430,0.455018,0.424446,0.392889,0.366931,0.344925,0.331887,0.302236,0.270362,0.249299,0.240362,0.228345,0.213222,0.202673,0.192358,0.186723,0.174909,0.182519,0.175065,0.168582,0.161564,0.156877,0.148331,0.131861,0.117665,0.112549,0.099640,0.095855,0.090267,0.093487,0.089147,0.084933,0.086812,0.084673,0.087038,0.090705,0.086133,0.085774,0.078582,0.078677,0.073238,0.069937,0.066758,0.062893,0.059440,0.056552,0.052246,0.048485,0.046463,0.043699,0.045596,0.044812,0.044893,0.050065,0.051562,0.049307,0.040962,0.040798,0.041909,0.041814,0.036826,0.037190,0.032521,0.030796,0.034105,0.031158,0.033448,0.037382,0.039386,0.031574,0.029711,0.028994,0.035519,0.037671,0.034446,0.034741,0.039497,0.040453,0.041002,0.040224,0.039893,0.037277,0.039701,0.039982,0.038103,0.040123,0.038844,0.035475,0.034739,0.037794,0.037986,0.035939,0.039109,0.036812,0.035111,0.035867,0.037085,0.035905,0.032703,0.033200
20,0.499713,0.489400,0.465495,0.439077,0.415404,0.377612,0.326857,0.301745,0.285913,0.241564,0.230883,0.203929,0.204885,0.195994,0.180739,0.157347,0.153897,0.149853,0.145255,0.134305,0.132406,0.134158,0.130739,0.128826,0.131091,0.136828,0.140883,0.141913,0.137697,0.127083,0.111059,0.104836,0.101669,0.095816,0.091960,0.085022,0.084271,0.084020,0.087537,0.091824,0.085051,0.084374,0.081941,0.078164,0.073253,0.065212,0.056691,0.050291,0.048596,0.046230,0.047343,0.045339,0.044881,0.040121,0.038574,0.037778,0.033802,0.034000,0.032624,0.036699,0.032572,0.033808,0.031149,0.036507,0.035459,0.034695,0.034442,0.036871,0.039125,0.042232,0.040402,0.038545,0.039024,0.043618,0.039475,0.035582,0.040101,0.037434,0.036204,0.032556,0.033196,0.037689,0.040525,0.038988,0.036673,0.033301,0.031469,0.033887,0.033404,0.037600,0.040424,0.040960,0.037529,0.037222,0.037200,0.032366,0.025568,0.031002,0.028483,0.029497,0.028002
21,0.500194,0.487634,0.467642,0.454382,0.438190,0.424000,0.396533,0.372943,0.364364,0.355127,0.330063,0.309731,0.294600,0.271059,0.264400,0.255834,0.240485,0.229968,0.225814,0.212028,0.190297,0.175388,0.172594,0.160521,0.146828,0.135091,0.124919,0.116032,0.099089,0.093903,0.087265,0.083418,0.082970,0.085147,0.076012,0.069491,0.068937,0.067560,0.066792,0.066253,0.058665,0.055838,0.056370,0.054242,0.055479,0.052935,0.045428,0.045309,0.044438,0.042032,0.039481,0.042707,0.044952,0.041701,0.035394,0.037970,0.039093,0.038614,0.035887,0.037832,0.041257,0.037404,0.034580,0.034723,0.029598,0.028632,0.028543,0.030410,0.034836,0.034804,0.033535,0.033657,0.034293,0.036269,0.037459,0.036788,0.036448,0.033299,0.032297,0.036319,0.033123,0.038952,0.033554,0.032921,0.033006,0.033717,0.035651,0.035762,0.033859,0.028426,0.029438,0.031349,0.030826,0.027915,0.031798,0.032325,0.027271,0.031105,0.026543,0.025915,0.027608
22,0.501840,0.492285,0.474903,0.450162,0.420667,0.398111,0.365531,0.319539,0.298073,0.282212,0.257622,0.244735,0.203770,0.158416,0.150160,0.140568,0.143321,0.148386,0.152178,0.153877,0.151929,0.141220,0.133925,0.126741,0.116745,0.114109,0.117196,0.102380,0.103855,0.094535,0.085240,0.087766,0.092760,0.098661,0.098638,0.092384,0.092313,0.089471,0.086824,0.080103,0.082786,0.079610,0.074679,0.070780,0.066588,0.062184,0.053644,0.057832,0.059545,0.055826,0.049661,0.049141,0.045784,0.044085,0.041893,0.041147,0.041869,0.042420,0.042277,0.038261,0.036317,0.036010,0.038899,0.038143,0.035026,0.035057,0.031109,0.035786,0.038838,0.035113,0.034329,0.037372,0.033903,0.034572,0.032996,0.033863,0.029758,0.030642,0.035707,0.033133,0.032737,0.030117,0.029075,0.031222,0.030875,0.030741,0.031630,0.031782,0.029471,0.034533,0.033489,0.040103,0.038798,0.039307,0.041115,0.034602,0.035222,0.033580,0.031172,0.034675,0.035414
23,0.496590,0.483400,0.463242,0.434814,0.383206,0.324263,0.289727,0.261671,0.215400,0.187877,0.187558,0.171574,0.162851,0.172893,0.174960,0.159499,0.130703,0.131949,0.130396,0.131048,0.130129,0.128434,0.129331,0.124596,0.119913,0.110424,0.109871,0.108242,0.100162,0.093939,0.089877,0.087673,0.075897,0.072596,0.074612,0.064071,0.064299,0.067802,0.063046,0.062681,0.060376,0.054693,0.049923,0.050806,0.048208,0.051022,0.047616,0.044820,0.037240,0.035036,0.037772,0.039275,0.039246,0.032428,0.039782,0.036760,0.033347,0.035051,0.033206,0.032549,0.036600,0.033246,0.038505,0.036475,0.034404,0.036527,0.039798,0.038451,0.037756,0.037170,0.037501,0.034752,0.035079,0.033818,0.039766,0.035851,0.036457,0.036422,0.033293,0.029358,0.033030,0.031980,0.031705,0.036636,0.036665,0.042808,0.042620,0.041477,0.034434,0.033984,0.031840,0.030121,0.034297,0.031574,0.033232,0.033444,0.028663,0.029038,0.034935,0.039145,0.040293
24,0.500012,0.487111,0.461812,0.432899,0.379533,0.326404,0.304933,0.276578,0.237105,0.208018,0.193354,0.192616,0.199877,0.190416,0.188842,0.183976,0.183293,0.175968,0.167982,0.151182,0.151503,0.141600,0.131224,0.127634,0.122707,0.120592,0.117818,0.112521,0.110879,0.111691,0.110943,0.108083,0.102143,0.101190,0.095105,0.090786,0.092038,0.092158,0.087899,0.081224,0.078101,0.075830,0.075709,0.072255,0.075077,0.081685,0.081788,0.079362,0.070600,0.067186,0.062295,0.058945,0.051376,0.045368,0.043307,0.044899,0.042519,0.042160,0.040727,0.042343,0.038291,0.041519,0.039616,0.041325,0.039869,0.035543,0.037905,0.033006,0.031273,0.031014,0.032024,0.031085,0.031917,0.035356,0.040010,0.035834,0.041160,0.040358,0.039620,0.044042,0.039818,0.036677,0.038949,0.040630,0.039873,0.040610,0.037865,0.038244,0.036802,0.038554,0.038115,0.032648,0.042166,0.040770,0.038303,0.042073,0.044131,0.043923,0.045081,0.043432,0.045420
25,0.500772,0.490139,0.465699,0.437628,0.394673,0.357657,0.332956,0.312584,0.299275,0.279901,0.258743,0.232596,0.217659,0.210067,0.204622,0.199543,0.190469,0.173564,0.170958,0.165543,0.157919,0.138410,0.111176,0.108119,0.106735,0.109519,0.117299,0.113780,0.113133,0.110897,0.108240,0.103008,0.095646,0.090440,0.086558,0.084295,0.086485,0.085685,0.077873,0.075588,0.073406,0.072410,0.064012,0.060927,0.054711,0.049735,0.042149,0.040117,0.040287,0.034463,0.033075,0.031697,0.031947,0.034861,0.035499,0.038630,0.037651,0.043772,0.041996,0.040655,0.042154,0.043119,0.043321,0.037743,0.037202,0.039299,0.038659,0.038285,0.042788,0.042002,0.043042,0.040107,0.037582,0.034988,0.034772,0.038212,0.040020,0.039614,0.041778,0.039269,0.041673,0.040329,0.040606,0.042085,0.042614,0.044604,0.041887,0.040246,0.042648,0.034356,0.031198,0.032626,0.027911,0.029818,0.028471,0.029689,0.025956,0.030166,0.030269,0.029374,0.029137
26,0.499396,0.484085,0.453077,0.415941,0.354937,0.320121,0.307737,0.274261,0.260398,0.257315,0.252531,0.247921,0.241978,0.224988,0.205402,0.188958,0.181943,0.173608,0.157119,0.152632,0.143723,0.145974,0.145691,0.137707,0.137564,0.129869,0.124335,0.124754,0.124246,0.121574,0.125061,0.124154,0.120871,0.105737,0.097004,0.084808,0.081747,0.081919,0.080240,0.080061,0.076659,0.073749,0.075335,0.075299,0.070802,0.065483,0.058341,0.049139,0.050036,0.050234,0.052760,0.051590,0.050000,0.048067,0.045388,0.043590,0.039776,0.045547,0.043634,0.034655,0.036824,0.042166,0.038830,0.036396,0.031293,0.031370,0.030277,0.031640,0.032364,0.036331,0.038653,0.042030,0.038089,0.038457,0.037554,0.033339,0.037000,0.035927,0.033596,0.035970,0.036790,0.041424,0.043588,0.044717,0.038374,0.037004,0.036855,0.038099,0.033956,0.038095,0.033121,0.030838,0.031800,0.034780,0.037481,0.041978,0.030202,0.029598,0.030434,0.027507,0.032313
27,0.498917,0.485152,0.453659,0.429608,0.403113,0.365527,0.347691,0.327566,0.303935,0.291529,0.274780,0.250139,0.225996,0.203897,0.184939,0.185943,0.176117,0.169216,0.156747,0.148529,0.143657,0.138580,0.133929,0.133604,0.130228,0.120265,0.118598,0.119152,0.113669,0.107552,0.110285,0.106020,0.102861,0.100634,0.094006,0.088505,0.086691,0.077756,0.074455,0.066719,0.064568,0.063640,0.060867,0.058453,0.054871,0.057317,0.054515,0.053323,0.045582,0.046699,0.043812,0.045331,0.042646,0.037246,0.039392,0.037590,0.040400,0.041648,0.035347,0.032558,0.029234,0.030509,0.035428,0.040261,0.042095,0.042945,0.037877,0.038038,0.044960,0.045511,0.045875,0.041747,0.039216,0.041004,0.036762,0.039871,0.042091,0.038238,0.034838,0.035216,0.036586,0.038990,0.038618,0.039109,0.038358,0.038608,0.037711,0.038861,0.036139,0.029840,0.027404,0.029398,0.035317,0.037935,0.035547,0.036834,0.036582,0.042558,0.040729,0.039479,0.041820
28,0.499768,0.485503,0.464162,0.442428,0.411986,0.408614,0.382828,0.348105,0.306952,0.277749,0.253396,0.237764,0.227242,0.219000,0.204786,0.195960,0.182952,0.171964,0.161196,0.156497,0.161285,0.162166,0.151006,0.144909,0.136917,0.131198,0.126727,0.115156,0.110903,0.101943,0.096402,0.090465,0.082152,0.082604,0.081764,0.085794,0.084887,0.082792,0.082182,0.079418,0.080459,0.075634,0.065319,0.061149,0.060570,0.059166,0.054063,0.051481,0.047004,0.045974,0.041887,0.044046,0.042840,0.039398,0.040812,0.040442,0.045865,0.046036,0.040281,0.036836,0.034444,0.037669,0.038507,0.039909,0.036463,0.034952,0.036507,0.036568,0.033372,0.036198,0.032123,0.034935,0.034808,0.035531,0.035790,0.032941,0.034028,0.031721,0.032606,0.036964,0.037572,0.036772,0.034145,0.034279,0.035471,0.035891,0.031200,0.034408,0.037723,0.036844,0.042111,0.040964,0.035568,0.032533,0.031865,0.031851,0.034808,0.037034,0.039935,0.041121,0.038182
29,0.498291,0.478242,0.458525,0.437899,0.405535,0.368984,0.338301,0.304277,0.256923,0.214117,0.189739,0.190337,0.191048,0.186943,0.190032,0.189580,0.174766,0.156204,0.149857,0.149501,0.149394,0.141618,0.134665,0.118521,0.117758,0.119905,0.118210,0.115711,0.103653,0.097178,0.102170,0.099685,0.098444,0.096206,0.080451,0.073663,0.071422,0.075343,0.068014,0.066808,0.065240,0.064598,0.065689,0.065426,0.067283,0.059772,0.054885,0.052802,0.052317,0.050125,0.050032,0.045566,0.044335,0.047772,0.044392,0.042812,0.039232,0.043004,0.033679,0.034032,0.036154,0.036162,0.035125,0.036578,0.033887,0.032057,0.032721,0.032737,0.034212,0.033776,0.035143,0.036511,0.038325,0.036075,0.031032,0.031661,0.028067,0.031517,0.029497,0.031925,0.031018,0.029418,0.028186,0.027251,0.029364,0.030115,0.031349,0.029798,0.028087,0.030945,0.033392,0.033107,0.033048,0.029927,0.031442,0.031802,0.033996,0.033592,0.035832,0.032012,0.037063
